Adaption,#,W,D,ID,t,ERR,RE,TAC,ODC,MDC,MV,ME,MO,,			
0,1,100,200,1.585,1687,0,0,3,5,3,7.2503,5.5757,8.1819,,RE: Target reentries			
0,2,100,300,2,1593,0,1,3,4,7,8.9343,6.4447,8.7586,,TAC: Total axis corssings			
0,3,90,200,1.6881,1687,0,1,1,7,5,3.9646,2.9686,3.9255,,ODC: Orthogona direction change		70	200
0,4,90,300,2.1155,1781,0,0,4,3,7,4.0418,3.8366,5.463,,MDC: Movement direction change		80	250
0,5,90,200,1.6881,2437,0,0,3,7,6,11.946,9.1474,12.253,,MV: Movement variability		90	300
0,6,90,300,2.1155,3016,0,5,7,32,33,122.31,97.08,126.85,,ME: Movement error		100	350
0,7,90,200,1.6881,1547,0,0,3,4,3,2.4195,1.66,2.3476,,			
0,8,100,300,2,3391,0,0,5,11,11,40.247,21.611,41.466,,			
0,9,90,300,2.1155,4922,0,4,4,13,9,34.206,25.648,33.982,,			
0,10,90,300,2.1155,3000,0,0,5,9,6,17.611,13.392,17.363,,			
0,11,90,200,1.6881,4015,0,1,7,15,13,30.237,23.143,37.631,,			
0,12,100,200,1.585,2031,0,1,2,5,2,8.2727,9.5069,12.451,,			
0,13,90,300,2.1155,1594,0,1,2,2,3,6.9753,5.0168,7.7617,,			
0,14,100,200,1.585,1938,0,0,0,3,2,20.158,19.437,27.699,,			
0,15,90,200,1.6881,5687,0,6,11,16,15,43.289,29.661,47.038,,			
0,16,100,300,2,2656,0,1,2,8,8,20.889,16.461,20.613,,			
0,17,100,200,1.585,3140,0,2,6,11,9,24.681,24.375,33.168,,			
0,18,100,200,1.585,3047,0,0,4,5,8,46.567,40.366,53.584,,			
0,19,100,200,1.585,3609,0,5,13,47,34,170.59,132.58,170.17,,			
0,20,100,200,1.585,2328,0,1,3,5,1,56.948,62.311,75.655,,			
0,21,90,200,1.6881,5063,0,2,4,10,8,24.605,31.553,39.845,,			
0,22,100,200,1.585,3719,0,4,3,9,7,41.012,33.854,40.611,,			
0,23,90,300,2.1155,5578,0,3,4,14,15,28.692,20.565,28.579,,			
0,24,100,200,1.585,1766,0,0,4,6,4,10.408,7.8925,11.41,,			
0,25,90,200,1.6881,1609,0,0,5,5,3,17.464,10.955,19.32,,			
0,26,90,300,2.1155,4672,0,7,8,52,42,105.79,74.966,123.18,,			
0,27,100,200,1.585,1532,0,0,5,6,5,10.084,6.2289,9.8521,,			
0,28,100,300,2,1672,0,1,3,5,7,8.1297,5.1094,8.7325,,			
0,29,90,300,2.1155,3360,0,2,6,7,9,35.749,25.47,36.088,,			
0,30,90,300,2.1155,1469,0,1,3,5,6,39.155,26.21,44.997,,			
0,31,100,200,1.585,2172,0,1,2,3,4,5.7593,4.1632,5.6925,,			
0,32,90,300,2.1155,5297,0,4,5,34,38,94.511,125.64,156.88,,			
0,33,100,200,1.585,1531,0,1,3,4,2,7.9719,5.5685,7.8377,,			
0,34,100,300,2,1859,0,0,2,3,2,13.627,12.622,17.512,,			
0,35,90,300,2.1155,1906,0,0,3,5,4,3.5938,2.4865,4.0532,,			
0,36,90,300,2.1155,2781,0,0,7,8,7,36.482,25.996,42.652,,			
0,37,90,200,1.6881,1750,0,0,1,4,4,15.559,20.15,25.193,,			
0,38,100,200,1.585,2031,0,4,3,38,35,136.26,155.93,206.48,,			
0,39,90,200,1.6881,1829,0,0,2,4,3,24.105,18.148,26.356,,			
0,40,90,200,1.6881,1860,0,1,3,3,5,6.8143,5.2239,7.1498,,			
0,41,90,300,2.1155,5000,0,4,12,17,9,27.244,17.562,27.514,,			
0,42,100,300,2,4516,0,2,7,16,11,15.991,13.182,17.401,,			
0,43,100,200,1.585,1453,0,0,2,3,6,12.555,17.18,21.059,,			
0,44,100,200,1.585,1203,0,0,2,2,2,7.8608,6.8604,10.22,,			
0,45,90,300,2.1155,2937,0,1,1,6,5,24.898,40.677,47.489,,			
0,46,90,300,2.1155,5328,0,5,6,51,46,140.78,115.55,141.92,,			
0,47,100,200,1.585,5453,0,0,2,9,16,34.267,35.333,41.11,,			
0,48,100,300,2,3687,0,1,3,13,11,23.976,37.683,44.039,,			
0,49,90,300,2.1155,2766,0,1,6,10,6,17.16,13.521,17.706,,			
0,50,90,200,1.6881,2469,0,1,3,8,6,47.417,37.473,46.972,,			
0,51,100,300,2,2406,0,1,6,8,10,24.34,18.196,25.582,,			
0,52,100,200,1.585,1453,0,0,4,5,4,58.393,47.722,74.06,,			
0,53,90,200,1.6881,1547,0,0,7,7,6,23.083,14.671,22.678,,			
0,54,100,200,1.585,1484,0,0,2,3,3,8.8142,7.927,11.087,,			
0,55,100,300,2,2953,0,1,3,7,13,40.611,32.826,44.184,,			
0,56,90,300,2.1155,3344,0,0,4,8,11,28.543,35.685,45.239,,			
0,57,100,300,2,1953,0,1,2,4,4,39.057,33.142,38.745,,			
0,58,90,300,2.1155,1625,0,4,14,53,43,119.07,97.927,124.87,,			
0,59,90,200,1.6881,1594,0,1,2,3,1,5.1954,4.9155,7.0253,,			
0,60,90,200,1.6881,1484,0,0,4,4,5,11.76,9.4336,13.242,,			
0,61,100,200,1.585,1266,0,0,2,2,0,7.5738,5.3201,7.8492,,			
0,62,90,200,1.6881,1500,0,0,5,6,2,12.91,7.1733,13.315,,			
0,63,90,300,2.1155,2062,0,0,3,3,8,8.0812,6.5034,8.0126,,			
0,64,90,200,1.6881,1375,0,0,5,6,7,10.492,6.5574,11.842,,			
0,65,90,300,2.1155,1656,0,0,2,4,2,37.958,37.681,51.894,,			
0,66,90,300,2.1155,1547,0,1,2,2,4,3.3558,2.9119,4.3721,,			
0,67,100,200,1.585,2141,0,1,2,4,1,13.803,10.543,16.5,,			
0,68,100,300,2,1734,0,0,5,4,1,14.499,10.606,14.943,,			
0,69,90,300,2.1155,1406,0,0,1,4,4,1.7319,2.0913,2.6827,,			
0,70,100,200,1.585,1171,0,0,2,2,2,2.1679,1.4292,2.1086,,			
0,71,90,300,2.1155,4765,0,3,1,16,9,17.924,21.528,27.885,,			
0,72,100,200,1.585,1984,0,1,2,3,7,15.66,12.961,17.871,,			
0,73,90,200,1.6881,1375,0,0,2,5,2,1.7215,2.4136,2.9311,,			
0,74,90,200,1.6881,1218,0,0,2,5,2,3.8503,3.0824,4.8181,,			
0,75,90,300,2.1155,1625,0,0,1,2,6,11.692,13.19,17.41,,			
0,76,80,250,2.0444,1906,0,0,3,5,1,7.7774,6.5017,8.7896,,			
0,77,80,350,2.4263,1516,0,0,2,4,1,16.577,12.179,20.173,,			
0,78,70,250,2.1926,1766,0,0,3,2,6,40.079,35.866,53.043,,			
0,79,70,350,2.585,3407,0,1,1,8,9,16.173,23.807,28.658,,			
0,80,90,200,1.6881,1281,0,3,11,30,22,57.036,42.148,57.652,,			
0,81,90,200,1.6881,2359,0,0,6,9,5,15.302,8.2021,15.348,,			
0,82,90,200,1.6881,1750,0,1,3,6,10,33.611,21.133,37.652,,			
0,83,100,200,1.585,2016,0,0,2,6,5,12.242,8.5704,12.109,,			
0,84,100,200,1.585,4343,0,2,4,18,19,136.48,70.877,151.58,,			
0,85,100,200,1.585,5688,0,17,23,79,101,192.47,156.94,192.28,,			
0,86,100,200,1.585,3671,0,1,4,6,7,44.629,40.315,53.721,,			
0,87,90,300,2.1155,4766,0,8,21,68,65,81.021,67.133,81.125,,			
0,88,90,200,1.6881,4954,0,4,3,19,11,17.203,25.948,30.652,,			
0,89,100,300,2,3250,0,2,4,5,7,38.157,29.338,37.751,,			
0,90,100,200,1.585,2609,0,1,3,5,7,45.943,38.114,45.436,,			
0,91,100,300,2,2875,0,1,6,8,9,31.448,32.487,43.488,,			
0,92,100,300,2,4969,0,9,18,62,61,93.059,67.678,96.212,,			
0,93,100,200,1.585,2422,0,0,4,4,5,13.781,9.5171,14.067,,			
0,94,100,300,2,2875,0,1,6,10,7,20.094,21.296,27.96,,			
0,95,90,300,2.1155,5688,0,8,15,47,43,77.239,67.518,85.608,,			
0,96,90,200,1.6881,3515,0,2,14,41,39,88.659,76.426,92.47,,			
0,97,100,200,1.585,3859,0,2,3,10,7,23.533,16.277,27.785,,			
0,98,100,300,2,2094,0,1,4,5,4,24.608,24.618,33.709,,			
0,99,100,200,1.585,2078,0,1,4,4,3,7.8413,6.0428,8.6634,,			
0,100,100,200,1.585,1531,0,0,1,4,1,14.873,9.1711,17.097,,			
0,101,90,200,1.6881,1922,0,1,3,6,5,30.055,23.032,29.87,,			
0,102,100,200,1.585,4984,0,4,10,26,30,116.59,96.108,124.69,,			
0,103,100,300,2,2250,0,3,14,35,30,58.496,38.497,62.468,,			
0,104,100,200,1.585,1953,0,0,5,6,6,9.9613,7.0035,9.8139,,			
0,105,100,300,2,1750,0,1,4,5,6,32.101,28.647,42.514,,			
0,106,90,300,2.1155,4500,0,3,4,9,11,31.336,25.903,32.447,,			
0,107,90,300,2.1155,2937,0,2,10,50,56,136.11,160.13,204.01,,			
0,108,100,200,1.585,4688,0,1,2,9,9,57.896,118.26,131.39,,			
0,109,90,200,1.6881,2328,0,0,4,4,3,62.051,50.941,79.154,,			
0,110,90,300,2.1155,2172,0,0,2,4,3,18.944,13.797,19.167,,			
0,111,100,200,1.585,4938,0,3,6,14,13,77.118,50.586,76.418,,			
0,112,100,300,2,1719,0,0,1,3,5,17.321,12.701,20.446,,			
0,113,100,200,1.585,3297,0,4,8,34,40,139.26,112.21,156.88,,			
0,114,90,200,1.6881,2141,0,7,9,40,44,187.29,138.69,191.35,,			
0,115,90,300,2.1155,1406,0,0,2,4,0,8.3878,6.33,8.7841,,			
0,116,90,200,1.6881,1312,0,1,1,2,2,13.484,13.593,18.804,,			
0,117,100,200,1.585,1719,0,0,2,3,3,15.799,10.814,15.48,,			
0,118,90,200,1.6881,3625,0,2,5,12,11,77.345,57.281,92.218,,			
0,119,90,200,1.6881,1485,0,2,6,24,22,73.693,60.968,76.016,,			
0,120,100,300,2,2641,0,0,3,6,8,17.876,13.475,17.546,,			
0,121,100,300,2,4359,0,1,4,12,9,51.222,66.916,83.017,,			
0,122,90,300,2.1155,4829,0,3,1,35,35,95.574,124.48,156.72,,			
0,123,100,200,1.585,1594,0,0,3,5,5,16.362,13.202,17.208,,			
0,124,100,200,1.585,4328,0,3,15,45,41,127.23,95.211,134.41,,			
0,125,90,200,1.6881,3187,0,2,6,7,7,14.981,13.619,16.748,,			
0,126,90,200,1.6881,4110,0,1,5,10,10,53.331,41.83,54.828,,			
0,127,100,200,1.585,2219,0,1,3,5,6,33.278,40.497,49.065,,			
0,128,90,300,2.1155,2641,0,0,4,5,7,24.474,21.833,28.865,,			
0,129,100,300,2,2000,0,2,8,27,32,94.578,88.553,117.53,,			
0,130,100,300,2,1562,0,5,6,35,32,46.663,56.202,70.071,,			
0,131,100,300,2,3547,0,2,3,9,6,7.7337,6.7766,9.3168,,			
0,132,90,200,1.6881,2984,0,0,3,6,6,17.322,15.063,17.482,,			
0,133,90,300,2.1155,4469,0,4,4,11,8,24.704,21.231,28.471,,			
0,134,100,300,2,3797,0,3,4,4,9,15.238,13.378,16.513,,			
0,135,90,300,2.1155,3047,0,1,2,10,12,13.988,14.278,19.38,,			
0,136,90,200,1.6881,2750,0,1,3,11,3,9.8168,11.539,13.748,,			
0,137,100,200,1.585,1735,0,0,3,4,5,15.623,12.265,16.717,,			
0,138,90,300,2.1155,2719,0,0,5,9,10,20.801,16.435,22.258,,			
0,139,90,200,1.6881,2141,0,1,2,4,0,41.346,32.897,42.12,,			
0,140,90,200,1.6881,2500,0,0,1,7,3,4.7993,6.2737,7.8532,,			
0,141,90,300,2.1155,3235,0,1,5,10,12,31.982,34.172,41.16,,			
0,142,90,300,2.1155,3781,0,2,4,9,3,22.586,16.519,22.838,,			
0,143,90,200,1.6881,1922,0,0,3,9,6,34.28,27.908,42.97,,			
0,144,90,200,1.6881,1782,0,0,4,5,1,2.8577,2.1286,3.032,,			
0,145,90,200,1.6881,2703,0,0,6,9,6,4.6926,4.132,5.7307,,			
0,146,90,200,1.6881,3188,0,3,8,9,12,36.518,19.549,37.143,,			
0,147,100,300,2,2000,0,0,4,5,9,10.755,8.2958,10.585,,			
0,148,70,350,2.585,1578,0,1,3,8,8,14.786,12.049,18.71,,			
0,149,70,250,2.1926,3485,0,1,4,5,7,27.212,34.298,42.793,,			
0,150,70,250,2.1926,2266,0,1,5,9,3,29.1,21.62,33.199,,			
0,151,80,350,2.4263,1531,0,1,3,2,4,14.98,11.847,15.284,,			
0,152,80,350,2.4263,5203,0,3,4,18,15,37.693,34.716,42.03,,			
0,153,70,350,2.585,2375,0,1,2,4,2,27.23,26.759,35.544,,			
0,154,70,350,2.585,2735,0,0,4,8,6,5.838,5.148,7.5649,,			
0,155,70,250,2.1926,4453,0,3,2,12,11,14.707,24.87,28.831,,			
0,156,70,350,2.585,2141,0,1,6,10,4,28.267,21.86,28.19,,			
0,157,80,250,2.0444,1391,0,0,2,5,2,3.9196,6.3071,7.3739,,			
0,158,70,250,2.1926,1453,0,0,2,4,1,12.467,11.232,14.184,,			
0,159,70,350,2.585,1859,0,1,4,4,8,18.463,15.259,20.673,,			
0,160,70,250,2.1926,1734,0,0,4,6,2,15.007,11.802,16.9,,			
0,161,80,250,2.0444,1468,0,0,2,7,6,5.6222,7.2171,9.0791,,			
0,162,80,350,2.4263,1625,0,0,1,5,7,9.9617,11.991,15.456,,			
0,163,70,250,2.1926,3687,0,2,4,13,9,21.249,18.071,24.192,,			
0,164,80,250,2.0444,1532,0,0,1,4,4,9.4508,8.1424,12.111,,			
0,165,60,350,2.7726,5547,0,4,8,13,20,31.455,25.984,31.982,,			
0,166,60,350,2.7726,2187,0,1,3,9,9,50.627,32.835,55.516,,			
0,167,60,350,2.7726,3000,0,2,3,6,8,21.477,20.23,27.583,,			
0,168,60,350,2.7726,3672,0,3,4,9,8,18.805,13.828,21.486,,			
0,169,60,350,2.7726,4234,0,3,0,7,11,11.644,22.195,25.015,,			
0,170,60,350,2.7726,1735,0,0,2,5,3,33.466,34.068,47.099,,			
0,171,60,350,2.7726,1891,0,0,3,2,5,19.171,14.503,20.443,,			
0,172,60,250,2.3692,3078,0,1,3,8,10,56.478,40.602,56.511,,			
0,173,50,350,3,1594,0,0,2,4,5,3.7167,2.6067,3.6625,,			
0,174,50,250,2.585,2282,0,0,3,6,6,24.555,19.198,25.234,,			
0,175,60,250,2.3692,3000,0,0,3,5,2,36.288,39.056,48.201,,			
0,176,60,350,2.7726,1797,0,0,3,7,4,10.322,11.24,15.105,,			
0,177,60,250,2.3692,3984,0,2,4,8,15,45.952,35.258,48.4,,			
0,178,50,350,3,2547,0,0,4,6,7,12.189,16.124,19.854,,			
0,179,50,250,2.585,1578,0,1,4,7,7,40.675,30.043,49.869,,			
0,180,50,350,3,5187,0,1,3,7,13,52.086,43.838,51.79,,			
0,181,90,300,2.1155,1562,0,0,4,17,13,82.015,68.415,94.634,,			
0,182,90,200,1.6881,1796,0,0,1,6,6,18.304,20.892,27.513,,			
0,183,90,200,1.6881,2953,0,3,4,10,10,17.902,21.517,27.598,,			
0,184,100,200,1.585,1422,0,0,2,2,3,6.8245,5.1049,6.7149,,			
0,185,100,200,1.585,1906,0,0,5,6,4,5.4744,3.7607,6.4112,,			
0,186,100,200,1.585,1875,0,0,1,4,3,6.8106,8.9282,11.146,,			
0,187,90,200,1.6881,1891,0,1,2,2,1,24.846,18.518,25.692,,			
0,188,100,300,2,1593,0,0,6,6,3,11.562,7.7037,11.495,,			
0,189,90,300,2.1155,3437,0,2,12,14,6,43.254,31.423,51.566,,			
0,190,90,200,1.6881,2797,0,1,3,5,7,10.573,11.941,14.966,,			
0,191,90,200,1.6881,1562,0,0,1,1,1,7.1684,9.2694,11.58,,			
0,192,100,200,1.585,1453,0,0,5,5,3,9.1345,5.4514,9.035,,			
0,193,100,200,1.585,3282,0,0,3,8,5,17.168,20.504,24.874,,			
0,194,100,200,1.585,2297,0,0,4,7,5,27.712,20.135,31.975,,			
0,195,100,200,1.585,1297,0,0,3,4,0,6.5139,3.8307,6.5107,,			
0,196,90,200,1.6881,1172,0,0,2,2,3,28.309,24.245,36.436,,			
0,197,100,200,1.585,1938,0,0,1,4,2,28.317,26.331,38.193,,			
0,198,90,300,2.1155,2922,0,1,5,9,11,36.714,44.325,56.279,,			
0,199,80,250,2.0444,3188,0,2,3,9,8,17.61,23.521,29.221,,			
0,200,80,350,2.4263,2359,0,1,4,6,9,25.138,24.784,32.879,,			
0,201,70,250,2.1926,1203,0,0,3,4,1,26.502,17.177,30.368,,			
0,202,80,350,2.4263,1547,0,1,6,8,7,20.41,12.593,20.135,,			
0,203,70,250,2.1926,1984,0,1,5,4,4,29.969,27.216,39.426,,			
0,204,70,350,2.585,3000,0,1,2,5,3,25.496,19.612,25.154,,			
0,205,70,250,2.1926,1453,0,0,3,2,0,13.012,10.08,13.946,,			
0,206,70,250,2.1926,1516,0,0,3,5,2,5.7318,3.8122,5.5922,,			
0,207,70,350,2.585,1422,0,0,5,5,3,5.0605,3.5933,5.0707,,			
0,208,70,350,2.585,2750,0,0,5,7,7,18.849,17.729,25.416,,			
0,209,70,250,2.1926,2281,0,1,3,4,3,21.011,14.108,22.161,,			
0,210,70,350,2.585,5234,0,3,3,16,11,31.494,27.322,32.549,,			
0,211,70,250,2.1926,2125,0,0,3,6,3,13.212,9.7356,14.213,,			
0,212,80,350,2.4263,2110,0,0,2,3,5,39.823,32.141,39.092,,			
0,213,70,350,2.585,4843,0,2,7,10,13,44.385,36.695,44.234,,			
0,214,80,350,2.4263,1265,0,0,2,2,1,17.232,15.949,22.427,,			
0,215,80,250,2.0444,1875,0,0,3,6,5,12.783,11.109,16.642,,			
0,216,50,250,2.585,1593,0,0,2,3,5,16.561,13.018,18.206,,			
0,217,60,350,2.7726,2969,0,1,6,6,7,44.657,32.065,44.193,,			
0,218,60,350,2.7726,2625,0,0,6,9,8,36.705,29.4,43.102,,			
0,219,60,250,2.3692,4250,0,0,4,9,10,42.952,34.233,45.936,,			
0,220,60,350,2.7726,1891,0,0,3,3,5,43.974,28.095,44.039,,			
0,221,60,350,2.7726,4156,0,1,3,11,7,20.914,26.277,32.306,,			
0,222,50,250,2.585,2563,0,0,4,3,7,20.795,19.319,23.752,,			
0,223,60,350,2.7726,5547,0,1,7,12,12,38.321,28.333,43.233,,			
0,224,50,350,3,5718,0,0,3,13,11,21.959,25.085,31.539,,			
0,225,60,350,2.7726,1922,0,1,4,9,7,4.2267,4.1471,5.7997,,			
0,226,60,250,2.3692,3453,0,0,5,7,6,54.687,60.433,80.86,,			
0,227,50,350,3,3719,0,3,9,11,10,9.0871,6.6509,9.0599,,			
0,228,60,250,2.3692,1859,0,0,7,7,7,32.435,15.981,34.089,,			
0,229,60,250,2.3692,2797,0,1,3,9,8,18.496,10.985,18.253,,			
0,230,90,300,2.1155,3500,0,8,16,42,47,102.63,103.22,135.05,,			
0,231,100,300,2,2266,0,1,5,8,4,23.022,24.713,33.064,,			
0,232,100,300,2,2375,0,0,4,7,7,49.971,39.015,61.174,,			
0,233,90,300,2.1155,5328,0,2,3,15,10,45.202,66.933,78.783,,			
0,234,90,300,2.1155,2718,0,2,4,8,8,39.091,33.399,46.107,,			
0,235,90,300,2.1155,4140,0,1,9,12,8,52.057,44.181,58.592,,			
0,236,100,300,2,3407,0,1,8,8,12,11.467,9.4902,11.887,,			
0,237,90,200,1.6881,3969,0,4,9,12,12,71.575,35.06,74.781,,			
0,238,90,200,1.6881,3859,0,2,7,10,6,25.561,19.247,26.386,,			
0,239,90,300,2.1155,2250,0,3,6,21,25,139.15,124.14,166.14,,			
0,240,90,300,2.1155,1640,0,0,6,7,2,23.068,17.668,27.09,,			
0,241,100,300,2,2078,0,0,2,4,9,33.732,38.338,50.771,,			
0,242,90,300,2.1155,1500,0,0,4,4,4,19.02,13.288,18.644,,			
0,243,90,300,2.1155,1641,0,0,3,8,5,13.148,11.054,13.825,,			
0,244,100,200,1.585,1797,0,0,2,1,1,35.866,37.717,51.57,,			
0,245,100,200,1.585,2672,0,2,3,5,5,13.683,13.182,17.556,,			
0,246,90,200,1.6881,1515,0,0,6,6,3,25.822,15.665,25.37,,			
0,247,90,300,2.1155,1812,0,1,3,8,4,17.216,11.766,18.275,,			
0,248,90,300,2.1155,1594,0,0,5,6,5,26.913,16.36,27.463,,			
0,249,100,200,1.585,1390,0,7,11,46,36,109.42,95.681,109.97,,			
0,250,100,300,2,1516,0,0,3,4,2,12.834,10.017,12.848,,			
0,251,100,300,2,5265,0,2,8,11,22,74.617,73.802,94.632,,			
0,252,100,200,1.585,1563,0,4,2,25,33,90.631,118.33,148.64,,			
0,253,100,200,1.585,1984,0,0,2,5,1,11.827,8.7649,11.757,,			
0,254,100,300,2,1453,0,0,5,8,5,4.5621,3.311,4.8141,,			
0,255,90,300,2.1155,3016,0,1,2,4,6,61.738,52.126,62.248,,			
0,256,90,300,2.1155,1781,0,0,3,4,6,25.026,16.368,26.477,,			
0,257,90,200,1.6881,1921,0,0,4,7,5,11.628,8.2203,12.015,,			
0,258,100,300,2,2062,0,1,3,7,4,31.243,17.718,31.7,,			
0,259,90,300,2.1155,1234,0,0,2,4,6,50.099,37.429,61.709,,			
0,260,90,300,2.1155,953,0,0,2,1,4,7.0855,7.5487,10.165,,			
0,261,100,300,2,4156,0,4,8,10,13,35.558,23.593,39.469,,			
0,262,90,300,2.1155,1156,0,0,1,5,5,73.597,59.105,92.947,,			
0,263,90,200,1.6881,2047,0,0,5,7,8,116.6,70.777,119.58,,			
0,264,100,200,1.585,1641,0,2,3,7,5,7.3653,5.3935,7.2203,,			
0,265,90,300,2.1155,3281,0,3,5,28,29,59.336,57.743,72.173,,			
0,266,90,200,1.6881,1562,0,0,4,4,3,10.201,7.0817,10.172,,			
0,267,100,300,2,2687,0,1,4,11,7,18.958,15.334,22.839,,			
0,268,100,200,1.585,3344,0,0,3,6,7,67.18,53.687,75.345,,			
0,269,90,300,2.1155,3125,0,1,4,8,11,41.037,50.568,64.577,,			
0,270,100,200,1.585,1672,0,2,5,26,29,110.99,158.8,180.04,,			
0,271,90,300,2.1155,1500,0,0,3,4,8,62.858,40.551,72.5,,			
0,272,100,300,2,2719,0,1,4,5,7,15.005,11.696,15.245,,			
0,273,100,200,1.585,1656,0,0,2,5,5,36.268,20.902,36.841,,			
0,274,100,200,1.585,1625,0,0,3,5,5,44.641,36.154,45.554,,			
0,275,90,200,1.6881,3657,0,2,3,8,3,44.157,40.441,53.039,,			
0,276,100,200,1.585,1859,0,0,5,10,6,31.911,16.696,34.993,,			
0,277,100,200,1.585,1766,0,1,2,1,3,32.957,52.49,61.539,,			
0,278,100,300,2,1937,0,1,5,6,6,21.579,12.76,24.115,,			
0,279,100,300,2,2344,0,1,2,4,5,24.007,17.465,25.749,,			
0,280,100,200,1.585,2547,0,2,6,6,3,68.026,38.18,73.741,,			
0,281,90,300,2.1155,2313,0,1,4,5,5,36.127,29.195,42.945,,			
0,282,100,200,1.585,1578,0,0,5,5,1,32.825,20.268,36.439,,			
0,283,100,300,2,1219,0,0,4,4,2,8.9345,6.4083,9.5174,,			
0,284,100,300,2,4047,0,0,4,11,13,38.078,42.435,54.775,,			
0,285,100,300,2,1594,0,1,5,5,6,21.241,14.032,23.456,,			
0,286,90,200,1.6881,1828,0,0,3,8,6,33.461,23.484,32.775,,			
0,287,90,300,2.1155,3703,0,2,1,5,9,31.954,33.757,39.524,,			
0,288,80,250,2.0444,1625,0,0,4,5,1,8.9379,5.4629,8.7948,,			
0,289,80,250,2.0444,3391,0,2,6,10,7,70.895,42.721,77.719,,			
0,290,70,250,2.1926,1531,0,0,4,3,2,5.8912,3.7364,6.0142,,			
0,291,70,250,2.1926,1453,0,1,2,3,4,20.317,15.266,23.783,,			
0,292,70,250,2.1926,1234,0,0,2,3,2,6.6449,7.3807,9.782,,			
0,293,80,250,2.0444,2985,0,0,4,7,4,65.474,60.342,82.849,,			
0,294,70,350,2.585,4125,0,3,5,15,9,25.975,21.047,25.824,,			
0,295,80,350,2.4263,1906,0,0,1,4,6,47.586,57.714,74.041,,			
0,296,90,300,2.1155,2156,0,2,6,25,19,107.42,79.266,126.77,,			
0,297,90,200,1.6881,2453,0,0,3,9,5,3.9375,5.9946,6.9382,,			
1,1,100,200,1.585,2735,0,0,3,5,4,14.108,12.1,14.127,,			
1,2,100,300,2,1547,0,0,6,6,5,27.251,18.594,28.112,,			
1,3,90,200,1.6881,1516,0,0,2,3,5,9.1413,5.8393,8.9838,,			
1,4,90,300,2.1155,1453,0,1,3,6,1,3.7279,3.0686,3.8981,,			
1,5,100,300,2,1125,0,0,4,3,3,3.7424,3.3742,4.7358,,			
1,6,90,300,2.1155,2578,0,0,6,10,8,22.698,19.863,29.436,,			
1,7,90,200,1.6881,2766,1,0,3,7,7,25.862,31.384,40.285,,			
1,8,100,200,1.585,1281,0,1,4,3,0,8.0702,6.4151,9.3228,,			
1,9,100,200,1.585,2.38E+06,0,2,8,25,17,135.71,153.49,199.24,,			
1,10,100,200,1.585,1406,0,0,5,7,7,4.4402,2.8946,4.3469,,			
1,11,100,200,1.585,1282,0,1,5,6,7,33.043,24.001,34.241,,			
1,12,100,300,2,1672,1,3,1,7,7,42.883,66.235,78.551,,			
1,13,100,200,1.585,1563,0,0,2,6,5,24.782,36.492,43.926,,			
1,14,100,200,1.585,1437,0,0,2,3,1,42.233,40.616,55.974,,			
1,15,100,200,1.585,1266,0,0,5,4,3,21.519,16.148,25.309,,			
1,16,90,300,2.1155,391,1,0,1,2,1,4.6904,3.1441,5.3612,,			
1,17,90,300,2.1155,2063,0,1,1,8,4,15.845,19.246,24.742,,			
1,18,90,200,1.6881,1500,0,1,3,4,3,40.629,35.368,53.123,,			
1,19,100,300,2,2500,0,0,1,4,10,31.521,49.466,58.438,,			
1,20,100,200,1.585,1719,0,0,4,3,2,12.615,13.324,17.999,,			
1,21,100,300,2,281,1,0,3,4,1,0.27357,0.14605,0.25963,,			
1,22,100,200,1.585,1688,0,0,3,2,0,13.358,10.247,13.246,,			
1,23,100,200,1.585,1812,0,0,3,4,3,35.409,41.076,53.713,,			
1,24,100,200,1.585,1359,0,0,5,7,5,21.98,13.741,23.716,,			
1,25,90,200,1.6881,1687,0,0,2,5,4,12.855,9.961,13.887,,			
1,26,90,300,2.1155,1844,0,0,2,5,8,9.8007,14.528,17.423,,			
1,27,90,300,2.1155,3344,0,1,5,11,9,49.813,28.818,55.266,,			
1,28,70,350,2.585,1735,0,0,5,7,2,25.32,16.651,28.848,,			
1,29,70,250,2.1926,2078,0,0,3,4,4,14.604,11.988,15.444,,			
1,30,80,250,2.0444,2984,0,1,3,9,10,23.189,30.554,38.15,,			
1,31,70,250,2.1926,1312,0,0,1,6,7,38.842,30.445,48.711,,			
1,32,80,350,2.4263,1656,0,0,5,7,6,10.239,9.2704,13.094,,			
1,33,80,250,2.0444,1921,0,1,3,8,7,17.681,16.255,20.005,,			
1,34,80,350,2.4263,1703,0,0,1,4,1,8.1556,9.4272,12.324,,			
1,35,70,250,2.1926,1297,0,0,2,5,1,11.221,8.2432,11.202,,			
1,36,80,250,2.0444,4062,0,0,2,10,11,34.472,68.847,76.835,,			
1,37,80,250,2.0444,1344,0,1,1,3,5,19.491,21.961,29.001,,			
1,38,70,250,2.1926,1359,0,0,1,4,5,6.2655,5.6957,8.3507,,			
1,39,70,350,2.585,1953,0,0,5,5,10,20.632,15.227,24.071,,			
1,40,80,250,2.0444,1609,0,0,4,4,4,12.169,10.621,15.455,,			
1,41,70,250,2.1926,1750,0,0,2,4,2,45.331,46.488,61.126,,			
1,42,70,250,2.1926,2703,0,1,2,4,4,24.167,23.767,31.408,,			
1,43,70,250,2.1926,1250,0,0,1,4,4,12.525,11.566,16.776,,			
1,44,80,250,2.0444,2937,0,1,4,10,10,36.486,24.916,36.676,,			
1,45,50,250,2.585,2484,0,0,1,10,7,11.034,18.686,21.623,,			
1,46,50,350,3,1657,0,0,3,2,1,8.727,10.55,13.234,,			
1,47,60,350,2.7726,3578,0,2,3,15,12,105.95,90.73,136.34,,			
1,48,60,350,2.7726,2141,0,1,4,4,6,10.424,7.824,11.071,,			
1,49,50,250,2.585,2391,0,0,4,7,6,35.014,32.074,43.427,,			
1,50,60,350,2.7726,2218,0,2,4,5,4,5.8299,5.3,7.7478,,			
1,51,60,350,2.7726,1203,0,0,3,3,3,5.2054,3.2315,5.5455,,			
1,52,60,250,2.3692,2922,0,1,7,8,6,44.142,39.009,53.579,,			
1,53,50,350,3,3156,0,0,4,6,12,24.183,16.488,25.357,,			
1,54,50,250,2.585,2125,0,0,0,7,5,17.523,31.21,35.644,,			
1,55,50,350,3,1891,0,0,2,8,8,29.753,27.85,40.311,,			
1,56,60,250,2.3692,1563,1,0,2,3,2,18.798,15.231,23.807,,			
1,57,50,350,3,2344,0,2,4,5,7,23.391,20.5,26.371,,			
1,58,90,300,2.1155,1235,0,0,7,27,28,153.77,95.42,163.54,,			
1,59,90,300,2.1155,2078,0,0,3,19,19,97.946,82.3,126.75,,			
1,60,100,200,1.585,1562,0,0,1,4,3,27.379,26.442,37.651,,			
1,61,90,200,1.6881,1531,0,0,3,6,2,21.194,14.933,25.097,,			
1,62,90,300,2.1155,1531,0,0,3,4,4,14.686,9.7207,14.221,,			
1,63,90,200,1.6881,1860,0,1,4,5,4,29.68,26.716,34.174,,			
1,64,90,200,1.6881,2.81E+06,0,6,9,21,19,75.807,68.562,87.514,,			
1,65,100,200,1.585,1859,0,0,7,10,6,79.797,37.789,82.182,,			
1,66,90,200,1.6881,1828,0,0,3,6,3,52.621,33.786,61.712,,			
1,67,100,300,2,2594,0,0,3,5,4,19.57,18.627,25.908,,			
1,68,90,300,2.1155,3313,0,2,4,8,8,12.957,13.31,17.702,,			
1,69,100,200,1.585,1547,0,0,3,4,2,17.009,15.729,21.781,,			
1,70,90,300,2.1155,1344,0,0,3,3,3,12.336,9.1468,14.858,,			
1,71,100,200,1.585,1609,0,0,2,2,0,16.173,13.665,20.152,,			
1,72,90,300,2.1155,1719,0,0,4,4,5,8.7824,6.7057,9.3207,,			
1,73,100,200,1.585,2391,0,1,3,6,7,8.9555,10.085,12.818,,			
1,74,90,200,1.6881,2516,0,0,2,5,7,30.313,27.202,32.321,,			
1,75,90,200,1.6881,1797,1,1,2,3,5,29,19.741,28.597,,			
1,76,90,200,1.6881,1656,0,0,3,4,3,5.9483,4.0042,6.0029,,			
1,77,100,300,2,2641,0,0,3,7,6,15.262,9.9692,15.036,,			
1,78,100,200,1.585,4047,0,3,5,6,8,33.935,31.047,37.071,,			
1,79,100,300,2,1781,0,1,4,5,4,6.4086,4.4143,7.5955,,			
1,80,100,300,2,2063,0,1,2,4,3,33.614,32.097,45.757,,			
1,81,90,200,1.6881,1688,0,0,3,6,5,12.631,7.7534,12.816,,			
1,82,100,200,1.585,1953,0,0,3,6,4,21.431,24.8,31.81,,			
1,83,70,350,2.585,2297,0,0,3,5,5,31.904,24.01,33.988,,			
1,84,80,350,2.4263,1610,0,0,2,6,4,15.627,10.113,16.398,,			
1,85,80,250,2.0444,1672,0,0,3,5,6,47.11,27.675,49.459,,			
1,86,80,350,2.4263,2047,0,0,2,3,4,46.073,36.403,51.97,,			
1,87,70,250,2.1926,1359,0,0,3,5,4,5.0762,3.7991,5.9277,,			
1,88,70,350,2.585,1469,0,0,4,3,2,10.771,7.2073,10.501,,			
1,89,80,350,2.4263,1563,0,0,2,5,3,12.053,10.177,13.332,,			
1,90,70,250,2.1926,3344,0,1,2,2,4,23.124,21.663,30.921,,			
1,91,80,250,2.0444,2766,0,0,4,7,7,14.491,9.0821,14.223,,			
1,92,70,350,2.585,2016,0,0,5,5,3,10.249,7.7463,10.321,,			
1,93,80,350,2.4263,1266,0,0,1,2,1,52.086,40.405,64.183,,			
1,94,80,250,2.0444,1750,0,0,5,5,4,9.7551,5.6953,10.322,,			
1,95,70,350,2.585,2281,0,1,4,5,7,9.7529,8.7281,12.183,,			
1,96,70,350,2.585,2266,0,1,3,6,5,25.979,19.431,27.609,,			
1,97,70,250,2.1926,2031,0,0,1,4,4,13.701,16.536,21.2,,			
1,98,70,250,2.1926,2172,0,0,4,5,3,43.084,28.772,42.164,,			
1,99,70,350,2.585,2375,0,1,0,5,5,55.975,75.988,93.654,,			
1,100,60,350,2.7726,1781,0,0,3,6,3,33.653,26.609,40.358,,			
1,101,60,250,2.3692,1828,0,0,2,4,4,15.452,11.581,15.426,,			
1,102,50,350,3,2938,0,0,1,2,5,17.072,20.223,26.189,,			
1,103,60,350,2.7726,3547,0,0,4,4,7,48.296,39.253,52.57,,			
1,104,60,350,2.7726,1375,0,0,3,4,2,19.14,12.428,19.198,,			
1,105,50,250,2.585,2421,1,1,1,4,5,110.04,107.06,149.82,,			
1,106,60,250,2.3692,1953,0,0,2,2,3,9.3181,9.4147,12.283,,			
1,107,60,350,2.7726,1578,0,0,1,2,2,12.429,8.3419,12.537,,			
1,108,60,250,2.3692,3016,0,1,4,3,6,49.997,34.631,49.203,,			
1,109,50,250,2.585,1703,0,0,2,5,2,34.669,26.999,42.781,,			
1,110,50,350,3,2031,0,0,2,5,5,8.8163,10.895,13.755,,			
1,111,60,350,2.7726,3766,0,2,6,10,10,68.904,42.846,78.388,,			
1,112,60,350,2.7726,3532,0,1,2,7,4,44.991,48.308,56.255,,			
1,113,60,250,2.3692,2062,0,1,3,3,5,15.175,10.133,15.17,,			
1,114,50,250,2.585,2250,0,1,3,3,2,13.767,10.409,16.454,,			
1,115,50,250,2.585,4844,0,3,1,13,14,41.03,38.499,52.451,,			
1,116,100,300,2,1640,0,0,3,44,44,129.24,180.64,213.61,,			
1,117,100,300,2,1547,0,0,4,6,4,21.023,17.591,25.736,,			
1,118,100,300,2,1688,0,0,2,3,3,13.894,10.163,14.743,,			
1,119,100,200,1.585,1407,0,0,1,2,3,10.441,8.2937,12.957,,			
1,120,90,300,2.1155,1704,0,0,2,5,5,8.4326,6.8079,8.7816,,			
1,121,90,300,2.1155,2328,0,0,1,2,4,47.391,61.783,77.06,,			
1,122,90,300,2.1155,1594,0,0,1,4,4,11.102,7.3538,11.169,,			
1,123,90,300,2.1155,1594,0,0,2,2,2,12.014,9.636,14.762,,			
1,124,100,200,1.585,1609,0,0,2,2,0,19.857,13.243,19.142,,			
1,125,90,200,1.6881,2281,0,0,2,4,5,11.897,8.1261,12.916,,			
1,126,100,200,1.585,1437,0,0,0,3,1,10.592,15.54,18.593,,			
1,127,90,200,1.6881,1281,0,0,2,3,6,7.2718,6.9752,9.2868,,			
1,128,100,200,1.585,2000,0,0,1,4,1,10.055,7.6252,10.28,,			
1,129,100,200,1.585,1656,0,0,3,4,3,10.956,6.8547,11.021,,			
1,130,100,200,1.585,1609,0,0,3,4,2,5.7519,4.2075,5.6945,,			
1,131,100,300,2,2625,0,1,2,3,7,9.6606,12.642,15.282,,			
1,132,100,300,2,1703,0,0,1,4,4,40.336,28.649,39.032,,			
1,133,100,200,1.585,2375,0,0,2,3,2,25.828,22.055,25.875,,			
1,134,80,250,2.0444,1672,0,0,3,3,2,11.157,9.7372,13.725,,			
1,135,70,350,2.585,2141,0,0,3,6,4,19.512,13.659,22.349,,			
1,136,80,250,2.0444,1797,0,1,2,5,5,6.9873,4.8297,6.8924,,			
1,137,70,250,2.1926,1672,0,1,3,5,3,10.154,5.8,9.9053,,			
1,138,70,250,2.1926,2531,0,0,0,1,3,25.973,31.86,40.647,,			
1,139,80,350,2.4263,1781,0,1,2,5,1,19.822,13.045,19.421,,			
1,140,80,350,2.4263,2204,0,1,3,5,4,25.909,18.836,26.05,,			
1,141,70,250,2.1926,2391,0,0,0,4,4,37.335,42.802,56.147,,			
1,142,70,250,2.1926,3094,0,0,4,7,6,12.434,9.5963,12.403,,			
1,143,80,250,2.0444,1938,0,0,2,5,3,18.778,14.971,21.788,,			
1,144,80,350,2.4263,1437,0,0,2,3,3,20.586,13.528,23.962,,			
1,145,70,350,2.585,1515,0,0,0,2,2,16.997,13.688,21.345,,			
1,146,70,350,2.585,1344,0,1,5,5,2,46.619,28.541,49.517,,			
1,147,80,250,2.0444,1250,0,0,4,5,3,20.232,14.067,20.767,,			
1,148,80,250,2.0444,2609,1,0,0,5,7,38.041,42.496,56.481,,			
1,149,70,250,2.1926,2562,0,2,2,5,5,24.098,23.483,32.339,,			
1,150,80,250,2.0444,1875,0,0,4,4,4,28.364,17.747,28.659,,			
1,151,50,250,2.585,1578,0,0,2,3,5,25.515,19.685,31.187,,			
1,152,60,350,2.7726,1469,0,0,5,6,3,19.698,9.9128,20.913,,			
1,153,60,350,2.7726,1469,0,0,2,3,3,27.941,22.254,32.25,,			
1,154,50,250,2.585,2078,0,1,3,5,6,27.895,17.55,30.318,,			
1,155,50,350,3,1875,0,0,2,4,3,19.406,23.311,29.884,,			
1,156,60,350,2.7726,1735,0,0,1,4,4,98.579,84.382,126.41,,			
1,157,60,350,2.7726,3140,0,0,0,5,5,43.788,64.39,77.374,,			
1,158,60,250,2.3692,2547,0,0,3,6,5,11.705,15.496,18.799,,			
1,159,50,350,3,1797,0,0,3,4,2,16.088,8.2086,15.793,,			
1,160,50,250,2.585,1297,0,0,4,4,1,2.3107,1.2294,2.2032,,			
1,161,60,250,2.3692,1219,0,0,1,2,2,15.313,12.678,19.337,,			
1,162,60,350,2.7726,1375,0,0,3,2,1,6.0242,3.9118,6.8169,,			
1,163,60,350,2.7726,2250,0,0,0,4,5,45.113,36.268,56.899,,			
1,164,50,350,3,1547,0,0,2,2,0,66.184,56.182,81.971,,			
1,165,60,350,2.7726,2484,1,2,2,5,7,22.961,18.679,22.931,,			
1,166,50,250,2.585,2125,0,0,1,2,2,56.038,46.065,58.84,,			
1,167,100,200,1.585,1547,0,0,3,12,10,74.664,161.63,177.11,,			
1,168,90,300,2.1155,2125,0,0,4,5,5,21.463,17.601,22.601,,			
1,169,90,200,1.6881,1609,0,0,1,4,3,11.593,8.4685,13.992,,			
1,170,90,300,2.1155,1406,0,1,1,3,3,25.203,16.264,29.281,,			
1,171,100,200,1.585,1234,0,0,1,2,1,10.733,9.1241,13.71,,			
1,172,100,200,1.585,1781,0,0,2,3,2,19.037,11.733,19.054,,			
1,173,90,200,1.6881,1594,0,0,3,4,2,10.672,7.5269,12.22,,			
1,174,100,200,1.585,1406,0,0,2,2,1,13.15,8.5661,14.326,,			
1,175,90,300,2.1155,1500,0,0,2,3,2,5.0391,3.3888,4.8505,,			
1,176,90,300,2.1155,1563,0,0,3,4,3,9.1197,5.6281,9.4922,,			
1,177,100,200,1.585,1594,0,0,2,5,6,7.154,7.0934,9.4513,,			
1,178,90,200,1.6881,2906,0,0,3,8,7,12.45,10.458,12.916,,			
1,179,100,200,1.585,5312,0,2,6,7,11,60.35,46.27,60.038,,			
1,180,90,200,1.6881,3000,0,2,4,8,7,52.425,35.192,54.307,,			
1,181,100,300,2,2969,0,1,2,4,7,36.806,39.158,47.671,,			
1,182,90,200,1.6881,1531,0,0,2,5,0,57.367,42.384,67.828,,			
1,183,100,300,2,1578,0,0,4,3,1,15.8,11.323,15.684,,			
1,184,90,300,2.1155,2594,0,0,2,9,5,29.819,21.994,29.768,,			
1,185,80,250,2.0444,2782,0,0,2,6,11,42.007,55.098,68.811,,			
1,186,70,350,2.585,2000,0,0,2,4,2,18.341,16.714,24.471,,			
1,187,70,250,2.1926,1813,0,1,2,2,4,11.653,9.9735,14.312,,			
1,188,80,350,2.4263,2000,0,0,2,3,1,5.2664,3.855,5.6313,,			
1,189,70,250,2.1926,2187,0,1,2,6,8,22.059,16.553,25.851,,			
1,190,70,350,2.585,2219,0,1,2,3,5,19.387,30.782,36.162,,			
1,191,70,350,2.585,2078,0,2,2,6,4,17.219,12.942,20.252,,			
1,192,80,350,2.4263,2000,0,0,3,5,2,25.132,18.034,30.316,,			
1,193,70,350,2.585,2141,0,1,4,6,9,15.633,9.293,16.179,,			
1,194,80,250,2.0444,1828,0,1,2,6,4,9.0878,6.9296,9.2781,,			
1,195,80,350,2.4263,1922,0,0,3,2,3,21.862,14.71,21.273,,			
1,196,80,250,2.0444,1781,0,0,2,2,4,18.024,17.953,21.582,,			
1,197,70,250,2.1926,1406,0,0,1,2,1,6.2804,5.5738,8.249,,			
1,198,80,350,2.4263,2031,0,0,3,3,4,7.6874,8.882,11.086,,			
1,199,80,350,2.4263,4625,0,1,2,8,14,56.875,92.168,107.99,,			
1,200,80,250,2.0444,1453,0,0,1,3,3,4.8083,4.6281,6.5646,,			
1,201,70,350,2.585,2547,1,1,2,2,5,202.65,168.06,242.87,,			
1,202,50,250,2.585,1422,0,0,3,4,6,2.0992,1.7583,2.4173,,			
1,203,60,250,2.3692,1391,0,0,3,3,2,8.3188,5.2464,8.2568,,			
1,204,50,250,2.585,1875,0,0,2,4,2,8.8686,8.9448,12.421,,			
1,205,60,350,2.7726,1609,0,1,3,5,4,14.485,10.46,15.129,,			
1,206,60,350,2.7726,1718,0,0,5,5,4,26.611,15.667,28.541,,			
1,207,50,250,2.585,1531,0,0,2,2,4,13.633,14.593,19.724,,			
1,208,50,250,2.585,1562,0,0,2,3,3,7.3048,4.8588,7.7829,,			
1,209,60,250,2.3692,3641,0,3,5,7,8,26.097,17.892,25.9,,			
1,210,50,350,3,1766,0,0,3,3,3,13.694,15.295,19.875,,			
1,211,50,250,2.585,3968,0,1,5,4,5,53.096,35.333,57.515,,			
1,212,50,350,3,1265,0,0,2,2,2,25.789,18.399,30.862,,			
1,213,60,350,2.7726,1641,0,0,3,4,2,23.414,16.073,27.504,,			
1,214,60,250,2.3692,2703,0,0,5,6,7,27.332,18.692,28.552,,			
1,215,60,250,2.3692,1968,0,1,1,5,4,10.67,10.999,15.004,,			
1,216,60,250,2.3692,2219,0,1,2,5,4,26.323,19.795,28.127,,			
1,217,60,250,2.3692,1735,0,0,3,3,4,17.89,13.051,17.435,,			
1,218,100,200,1.585,1187,0,0,1,7,6,27.463,22.319,29.969,,			
1,219,90,300,2.1155,3532,0,1,6,11,8,22.429,14.668,22.188,,			
1,220,90,200,1.6881,1641,0,0,1,1,2,33.34,33.53,46.295,,			
1,221,100,200,1.585,1797,0,0,1,4,1,22.633,22.327,27.159,,			
1,222,100,200,1.585,1688,0,0,3,4,4,20.908,14.28,23.976,,			
1,223,90,300,2.1155,1640,0,0,4,5,4,24.547,13.003,26.427,,			
1,224,100,200,1.585,1656,0,0,3,4,3,24.728,23.013,32.867,,			
1,225,100,200,1.585,3172,0,1,5,9,6,15.2,10.761,15.134,,			
1,226,90,300,2.1155,2234,0,1,2,6,6,21.29,16.173,21.871,,			
1,227,90,200,1.6881,1594,1,2,2,6,0,13.454,15.577,18.192,,			
1,228,100,300,2,1688,0,0,0,1,4,14.783,23.801,27.758,,			
1,229,100,200,1.585,1766,0,0,2,5,2,9.0529,6.7948,10.527,,			
1,230,100,200,1.585,1984,0,2,1,5,7,26.501,34.903,41.858,,			
1,231,100,200,1.585,1328,0,0,3,3,2,12,8.325,12.48,,			
1,232,90,200,1.6881,1391,0,0,2,3,3,14.894,11.294,17.067,,			
1,233,90,200,1.6881,1953,1,1,3,6,5,56.224,46.063,59.767,,			
1,234,90,300,2.1155,1454,0,0,1,2,2,37.288,42.664,55.936,,			
1,235,100,200,1.585,1671,0,0,0,3,2,8.4584,9.5375,12.53,,			
1,236,70,250,2.1926,1969,0,0,2,5,2,19.182,12.164,20.454,,			
1,237,70,250,2.1926,3437,0,2,9,13,6,36.272,24.35,41.483,,			
1,238,80,250,2.0444,4265,0,2,5,7,11,40.791,36.635,48.604,,			
1,239,80,350,2.4263,4781,0,1,2,8,10,39.714,31.309,41.507,,			
1,240,70,250,2.1926,1563,0,0,1,5,3,11.565,6.5934,11.646,,			
1,241,80,350,2.4263,1422,0,0,2,3,1,14.318,10.717,16.35,,			
1,242,80,350,2.4263,3078,0,1,4,7,9,21.014,16.684,21.816,,			
1,243,70,250,2.1926,1235,0,0,3,2,2,9.1445,6.4717,10.848,,			
1,244,80,250,2.0444,1625,0,0,5,5,1,12.418,6.9395,12.639,,			
1,245,70,350,2.585,3312,0,2,5,7,8,58.433,36.011,57.979,,			
1,246,80,350,2.4263,1484,0,0,3,3,2,25.168,19.743,31.479,,			
1,247,70,250,2.1926,1782,0,0,1,2,1,12.039,9.3839,11.817,,			
1,248,80,350,2.4263,2422,0,0,1,1,4,27.291,33.23,42.565,,			
1,249,70,350,2.585,2594,0,0,2,7,4,14.33,14.437,17.571,,			
1,250,80,350,2.4263,1281,0,0,2,4,6,12.141,10.452,15.747,,			
1,251,80,350,2.4263,1516,0,0,2,4,2,20.479,17.593,22.05,,			
1,252,70,350,2.585,2328,1,1,3,7,5,110,79.56,130.82,,			
1,253,50,350,3,1297,0,0,3,4,1,35.332,26.196,39.523,,			
1,254,50,250,2.585,1375,0,0,2,2,2,51.627,41.077,62.482,,			
1,255,60,350,2.7726,2922,0,2,8,8,10,58.461,45.634,70.099,,			
1,256,50,350,3,1843,0,0,3,4,2,20.973,15.957,24.836,,			
1,257,50,250,2.585,1593,0,0,1,4,4,15.082,10.956,15.469,,			
1,258,50,350,3,2329,0,0,3,3,1,6.2054,5.9418,7.5316,,			
1,259,60,250,2.3692,4235,0,1,4,8,10,38.454,43.712,57.632,,			
1,260,60,250,2.3692,1719,0,0,3,4,6,23.936,18.128,27.29,,			
1,261,60,250,2.3692,1781,0,0,3,3,3,16.184,11.654,16.029,,			
1,262,60,350,2.7726,2656,0,1,4,4,6,27.697,18.402,28.818,,			
1,263,50,350,3,1703,0,0,1,4,5,24.342,20.6,23.687,,			
1,264,50,350,3,2047,0,0,3,2,1,50.23,32.581,51.179,,			
1,265,50,350,3,2344,1,2,3,4,0,164.75,175.34,234.99,,			
1,266,60,250,2.3692,2157,0,0,0,3,3,6.0782,10.132,11.737,,			
1,267,50,350,3,1859,0,0,2,2,3,3.8551,3.8133,5.3361,,			
1,268,60,250,2.3692,2375,0,0,4,6,3,15.34,11.499,16.779,,			
1,269,100,200,1.585,4.55E+06,0,0,0,1,1,12.457,8.8825,14.249,,			
1,270,90,300,2.1155,1672,0,0,2,6,4,7.9786,10.113,12.173,,			
1,271,90,200,1.6881,1109,0,0,2,2,0,17.231,12.024,16.522,,			
1,272,90,200,1.6881,2390,0,1,3,6,8,11.993,9.9803,12.864,,			
1,273,90,300,2.1155,2187,0,0,2,4,1,19.699,18.878,26.943,,			
1,274,90,300,2.1155,1406,0,1,0,5,4,59.765,45.464,73.591,,			
1,275,100,200,1.585,2156,0,1,2,4,4,18.681,17.24,24.548,,			
1,276,100,300,2,5031,0,2,7,9,9,63.687,39.627,63.482,,			
1,277,90,300,2.1155,3578,0,1,2,8,8,27.337,26.913,36.97,,			
1,278,90,300,2.1155,2000,0,2,4,5,6,10.056,9.8816,12.942,,			
1,279,90,200,1.6881,1657,0,0,3,4,2,10.179,8.6598,12.587,,			
1,280,100,300,2,1562,0,0,4,5,3,20.351,12.24,22.596,,			
1,281,90,200,1.6881,1563,0,0,3,3,0,12.24,9.0458,11.952,,			
1,282,90,300,2.1155,1187,0,0,1,1,1,8.2068,7.7907,11.065,,			
1,283,100,200,1.585,2578,0,2,2,2,5,20.214,15.927,21.079,,			
1,284,100,300,2,1297,0,0,2,2,3,11.055,11.884,15.939,,			
1,285,90,200,1.6881,1203,0,0,2,3,4,5.1576,3.2958,5.1472,,			
1,286,100,200,1.585,4500,0,2,2,6,12,67.755,91.946,113.79,,			
1,287,90,300,2.1155,3016,0,1,3,7,4,25.391,25.442,35.358,,			
1,288,80,250,2.0444,1579,0,1,1,2,3,8.626,9.4856,12.659,,			
1,289,80,350,2.4263,1891,0,1,4,4,3,31.22,19.994,31.64,,			
1,290,80,250,2.0444,1593,0,0,4,5,5,24.031,14.73,25.757,,			
1,291,90,200,1.6881,1.41E+07,0,1,14,54,73,222.9,161.86,223.15,,			
1,292,100,300,2,1312,0,0,4,7,4,28.107,34.331,43.815,,			
1,293,90,200,1.6881,1079,0,0,4,5,3,13.86,9.028,16.009,,			
1,294,100,300,2,1531,0,1,2,6,4,20.437,14.499,24.554,,			
1,295,90,300,2.1155,1391,0,0,2,4,2,45.02,46.024,63.324,,			
1,296,100,200,1.585,1094,0,0,0,4,5,16.135,12.559,19.951,,			
1,297,100,200,1.585,2218,0,0,5,6,7,60.938,41.943,66.141,,			
1,298,90,300,2.1155,1437,0,1,3,3,8,35.76,23.862,34.783,,			
1,299,100,300,2,3860,0,3,2,13,12,82.303,63.92,99.501,,			
1,300,100,300,2,1438,0,0,4,6,2,14.481,9.5314,16.365,,			
1,301,90,200,1.6881,5641,0,1,7,11,11,62.067,45.133,61.97,,			
1,302,100,200,1.585,1922,0,1,2,4,3,13.859,11.584,17.513,,			
1,303,90,200,1.6881,2781,0,0,4,4,8,27.903,22.976,32.77,,			
1,304,90,200,1.6881,860,0,0,1,4,5,24.175,21.166,31.424,,			
1,305,100,200,1.585,2813,0,0,3,10,11,62.937,76.469,96.744,,			
1,306,100,200,1.585,1063,0,1,2,4,3,45.687,33.134,43.932,,			
1,307,90,200,1.6881,969,0,0,2,1,3,14.17,12.667,18.561,,			
1,308,100,300,2,1094,0,0,0,3,3,7.6183,10.132,12.512,,			
1,309,90,300,2.1155,3343,0,0,6,10,9,33.269,31.031,44.432,,			
1,310,70,350,2.585,2500,0,0,5,10,8,50.292,35.338,51.913,,			
1,311,70,350,2.585,3047,0,1,8,9,6,25.42,18.255,25.986,,			
1,312,80,250,2.0444,1813,0,1,1,5,7,17.572,19.435,24.715,,			
1,313,80,350,2.4263,2094,0,0,4,5,5,48.553,28.908,54.04,,			
1,314,80,350,2.4263,1859,0,0,6,5,2,10.283,5.7001,10.441,,			
1,315,70,350,2.585,1469,0,0,2,4,5,12.542,9.7541,14.133,,			
1,316,70,350,2.585,1719,0,1,1,4,5,22.686,18.684,28.948,,			
1,317,70,250,2.1926,3625,0,0,2,11,8,50.512,42.54,64.241,,			
1,318,80,250,2.0444,3375,0,2,2,7,3,83.754,57.712,82.513,,			
1,319,70,350,2.585,2906,0,0,3,8,7,16.96,18.703,23.541,,			
1,320,80,350,2.4263,2656,0,0,4,8,7,47.203,34.842,54.306,,			
1,321,70,350,2.585,2453,0,0,4,7,4,47.44,29.813,47.242,,			
1,322,70,350,2.585,1734,0,1,2,2,0,33.004,29.909,41.044,,			
1,323,80,350,2.4263,2782,0,0,4,5,4,83.125,52.606,93.679,,			
1,324,70,350,2.585,2610,0,1,4,8,5,20.878,15.098,21.713,,			
1,325,80,350,2.4263,1469,0,1,3,5,4,8.0108,6.1666,9.3843,,			
1,326,90,300,2.1155,2328,0,2,2,31,27,192.8,222.9,294.04,,			
1,327,100,200,1.585,1375,0,0,1,3,4,21.414,21.187,29.644,,			
1,328,90,200,1.6881,4328,0,3,11,15,15,94.15,59.758,98.872,,			
1,329,100,200,1.585,2281,0,0,2,4,4,47.122,41.641,62.076,,			
1,330,100,200,1.585,3016,0,1,1,3,1,105.39,96.172,141.28,,			
1,331,100,200,1.585,2453,0,1,6,7,10,163.72,92.429,174.73,,			
1,332,100,300,2,2359,0,0,6,12,10,70.861,52.143,81.209,,			
1,333,100,200,1.585,2610,0,0,2,5,6,88.376,71.813,108.65,,			
1,334,100,300,2,1.44E+07,0,2,4,13,12,103.37,193.08,213.9,,			
1,335,100,200,1.585,1906,0,0,4,7,2,175.6,134.12,210.88,,			
1,336,100,300,2,2344,0,1,2,7,7,37.148,31.368,43.154,,			
1,337,100,300,2,2406,0,1,1,6,5,25.753,35.242,43.344,,			
1,338,90,300,2.1155,1172,0,0,2,5,5,9.8005,6.1499,10.494,,			
1,339,100,300,2,3109,0,2,4,9,8,30.828,20.985,30.372,,			
1,340,100,200,1.585,1515,0,0,5,6,1,29.573,16.691,29.344,,			
1,341,100,200,1.585,1828,0,0,3,5,3,4.3955,3.1712,4.4688,,			
1,342,100,300,2,1516,0,1,5,5,5,33.581,21.678,33.982,,			
1,343,100,300,2,2031,0,1,3,4,3,8.9704,8.2735,12.002,,			
1,344,90,200,1.6881,1719,1,1,2,4,5,30.368,23.503,34.994,,			
1,345,90,200,1.6881,2313,1,0,2,4,2,44.803,35.175,44.225,,			
1,346,100,300,2,2297,0,0,3,5,4,51.972,44.003,66.99,,			
1,347,90,300,2.1155,2156,0,0,5,7,4,37.956,25.504,37.893,,			
1,348,100,200,1.585,3328,0,2,4,7,10,43.035,32.635,51.821,,			
1,349,100,200,1.585,1750,0,1,4,3,3,30.704,19.979,30.486,,			
1,350,90,200,1.6881,1938,0,1,4,4,2,33.102,26.34,34.254,,			
1,351,90,300,2.1155,3750,0,2,5,11,6,16.831,17.537,23.025,,			
1,352,90,300,2.1155,2813,1,2,2,7,6,125.68,169.92,208.89,,			
1,353,70,350,2.585,3844,0,0,5,9,7,29.451,22.964,29.112,,			
1,354,70,350,2.585,2500,0,1,1,5,5,36.38,37.65,51.846,,			
1,355,80,350,2.4263,4125,0,1,5,10,9,35.547,28.544,39.989,,			
1,356,80,350,2.4263,2281,0,0,3,3,3,12.46,10.17,14.264,,			
1,357,80,350,2.4263,1485,0,1,2,1,5,41.688,34.156,52.808,,			
1,358,70,350,2.585,2578,0,0,3,5,9,16.55,13.379,18.414,,			
1,359,70,250,2.1926,1594,0,0,2,4,4,11.707,11.666,16.248,,			
1,360,70,250,2.1926,1797,0,0,3,3,1,38.733,40.477,53.716,,			
1,361,70,350,2.585,2313,0,1,3,3,5,44.357,41.308,55.763,,			
1,362,80,250,2.0444,1938,0,0,3,4,4,28.74,28.42,38.519,,			
1,363,70,250,2.1926,2125,0,0,3,8,3,29.934,24.294,35.262,,			
1,364,70,350,2.585,2469,1,1,2,2,1,50.315,57.983,75.707,,			
1,365,70,350,2.585,2516,0,1,1,2,4,48.357,31.574,48.213,,			
1,366,80,250,2.0444,2219,0,0,4,9,4,95.913,74.425,119.67,,			
1,367,80,250,2.0444,1937,0,0,4,8,5,28.006,17.988,31.642,,			
1,368,70,250,2.1926,2969,0,1,1,7,9,45.883,43.373,61.81,,			
1,369,80,250,2.0444,1500,0,0,2,6,6,31.164,29.95,42.591,,			
1,370,60,250,2.3692,1765,0,0,2,5,3,40.032,28.852,39.468,,			
1,371,60,250,2.3692,1125,0,0,3,2,3,77.175,60.944,93.755,,			
1,372,60,350,2.7726,1406,0,1,2,2,0,25.951,16.263,25.061,,			
1,373,60,250,2.3692,1672,0,0,3,5,5,21.585,12.932,21.723,,			
1,374,60,350,2.7726,1968,0,0,1,4,4,10.557,15.341,18.464,,			
1,375,60,250,2.3692,1140,0,0,2,2,4,48.811,48.097,67.053,,			
1,376,60,350,2.7726,1485,0,0,3,4,2,25.099,21.876,27.831,,			
1,377,50,350,3,1813,0,0,2,3,0,36.688,29.137,42.587,,			
1,378,60,350,2.7726,1688,0,0,1,5,5,4.6837,3.7978,5.9281,,			
1,379,50,250,2.585,1704,0,0,4,5,3,45.267,31.493,51.377,,			
1,380,50,350,3,1641,0,0,5,6,6,53.196,35.7,52.214,,			
1,381,60,350,2.7726,1922,0,0,3,5,3,25.809,28.53,37.477,,			
1,382,50,350,3,2125,0,1,3,5,7,136.5,111.85,163.51,,			
1,383,60,250,2.3692,1735,0,1,2,3,4,33.816,28.283,38.893,,			
1,384,50,350,3,1875,0,0,4,4,4,9.3323,6.7776,9.496,,			
1,385,50,350,3,1500,0,0,3,4,5,9.5829,6.9915,11.382,,			
1,386,100,300,2,1.46E+07,0,0,3,16,14,188.46,201.15,240.34,,			
1,387,100,200,1.585,921,0,1,1,2,3,3.3836,3.014,4.4402,,			
1,388,90,200,1.6881,1688,0,1,1,3,4,10.879,12.624,16.467,,			
1,389,100,300,2,1500,1,0,3,3,3,44.519,28.988,43.547,,			
1,390,90,300,2.1155,1078,0,0,2,3,2,39.607,29.379,47.934,,			
1,391,100,200,1.585,1516,0,0,3,5,4,38.697,27.486,46.053,,			
1,392,100,200,1.585,1406,0,0,1,1,1,20.238,26.166,32.634,,			
1,393,100,300,2,1360,0,0,3,3,4,17.74,13.253,21.037,,			
1,394,90,300,2.1155,2438,1,1,1,7,6,109.3,116.32,153.4,,			
1,395,100,200,1.585,1687,0,0,2,4,1,12.895,8.131,13.325,,			
1,396,90,300,2.1155,1500,0,0,3,5,3,41.654,28.67,40.263,,			
1,397,90,300,2.1155,1625,0,0,5,5,2,18.866,14.195,20.61,,			
1,398,100,300,2,1469,0,0,1,4,1,20.36,19.851,27.946,,			
1,399,90,300,2.1155,2500,0,1,4,6,5,13.9,10.934,13.724,,			
1,400,100,300,2,1453,0,0,2,3,3,27.231,17.987,30.989,,			
1,401,100,300,2,1188,0,0,0,4,4,0.9353,1.4994,1.7494,,			
1,402,90,200,1.6881,2766,0,0,6,9,8,30.305,18.567,31.352,,			
1,403,90,200,1.6881,1359,0,0,2,2,1,11.537,8.4091,11.255,,			
1,404,90,300,2.1155,1579,0,0,1,4,4,34.478,30.158,43.645,,			
1,405,70,350,2.585,1140,0,0,1,2,2,40.674,30.163,39.554,,			
1,406,70,250,2.1926,1156,0,0,2,3,4,8.3662,6.4684,9.4301,,			
1,407,80,350,2.4263,1282,0,0,0,1,0,16.482,18.988,24.823,,			
1,408,80,350,2.4263,2015,1,1,2,2,5,103.74,108.93,148.86,,			
1,409,70,250,2.1926,1094,0,0,1,2,1,18.217,14.248,20.963,,			
1,410,70,250,2.1926,1563,0,0,2,2,2,79.671,60.608,91.5,,			
1,411,70,350,2.585,1203,0,0,0,3,1,16.74,14.962,22.002,,			
1,412,70,250,2.1926,1469,0,0,2,4,1,7.6726,4.7924,7.9742,,			
1,413,70,350,2.585,2125,0,0,2,5,6,45.961,36.942,48.725,,			
1,414,70,350,2.585,1797,0,0,3,5,5,73.78,48.129,84.072,,			
1,415,70,250,2.1926,1250,0,0,1,5,5,9.7042,6.8805,9.3983,,			
1,416,70,350,2.585,1140,0,0,1,1,2,15.06,16.138,21.675,,			
1,417,70,350,2.585,3235,0,2,6,7,5,39.12,32.345,39.57,,			
1,418,80,250,2.0444,1625,0,1,3,6,4,19.42,13.574,19.25,,			
1,419,70,250,2.1926,2656,0,1,4,5,3,75.103,50.842,83.111,,			
1,420,80,350,2.4263,1094,0,1,2,3,4,12.056,12.22,16.744,,			
1,421,70,350,2.585,2797,0,0,3,7,10,19.348,12.74,20.906,,			
1,422,50,350,3,1468,0,0,2,4,6,14.156,10.119,16.241,,			
1,423,50,350,3,1188,0,0,2,6,7,11.641,10.68,12.391,,			
1,424,60,250,2.3692,2234,0,2,4,4,8,17.393,13.032,17.121,,			
1,425,60,350,2.7726,2031,0,0,5,5,3,20.073,14.481,20.45,,			
1,426,60,350,2.7726,1672,0,0,2,3,4,49.688,32.695,51.963,,			
1,427,60,350,2.7726,1547,0,1,5,4,4,37.122,29.855,44.978,,			
1,428,50,350,3,2328,1,1,3,3,8,119.59,154.89,194.4,,			
1,429,50,350,3,1516,1,0,1,6,3,81.08,57.565,78.718,,			
1,430,50,350,3,1422,0,0,0,4,4,53.905,63.112,82.073,,			
1,431,60,350,2.7726,2422,0,2,2,8,8,57.489,42.65,56.606,,			
1,432,50,350,3,1531,0,0,2,2,4,15.137,11.747,18.806,,			
1,433,50,250,2.585,1610,0,0,4,6,4,11.087,6.2383,12.074,,			
1,434,50,350,3,1563,0,0,4,2,6,26.027,18.148,30.293,,			
1,435,60,250,2.3692,2172,0,0,5,6,2,27.95,16.125,27.277,,			
1,436,60,250,2.3692,2000,0,0,3,4,2,49.112,30.936,52.605,,			
1,437,50,350,3,1360,0,0,2,5,4,56.833,35.519,62.535,,			
1,438,90,200,1.6881,1.62E+07,0,0,2,9,12,146.05,104.28,154.28,,			
1,439,100,300,2,1469,0,0,1,4,3,4.5172,4.2631,6.1285,,			
1,440,90,200,1.6881,1891,0,0,1,6,4,31.51,30.686,43.64,,			
1,441,100,300,2,1515,0,0,3,7,4,5.4376,6.231,8.1754,,			
1,442,100,200,1.585,1422,0,0,1,6,3,21.714,16.347,23.916,,			
1,443,100,200,1.585,3141,1,1,2,12,10,14.477,16.67,20.578,,			
1,444,90,200,1.6881,1484,0,0,2,5,3,13.719,12.644,16.73,,			
1,445,100,200,1.585,1516,0,0,2,1,2,14.343,15.571,20.864,,			
1,446,90,300,2.1155,4047,0,4,3,14,12,29.718,40.846,48.458,,			
1,447,100,200,1.585,1563,0,0,2,3,4,16.395,12.942,17.749,,			
1,448,100,300,2,4500,0,2,2,6,7,67.549,96.617,117.5,,			
1,449,90,300,2.1155,1890,0,0,7,7,3,16.619,14.132,20.941,,			
1,450,90,200,1.6881,1375,0,0,4,7,7,29.91,21.023,30.229,,			
1,451,90,300,2.1155,1437,0,0,4,5,7,8.4579,6.0757,8.2833,,			
1,452,100,300,2,1625,0,0,6,7,3,40.231,24.38,40.279,,			
1,453,100,200,1.585,1485,0,0,3,6,4,16.239,10.192,16.399,,			
1,454,100,300,2,1563,0,1,2,2,6,13.263,11.21,14.642,,			
1,455,90,200,1.6881,1313,0,0,3,4,0,7.8226,7.8809,10.926,,			
1,456,90,200,1.6881,2187,1,0,4,10,6,30.18,24.077,32.204,,			
1,457,70,250,2.1926,1453,0,1,4,6,4,9.0914,5.912,10.053,,			
1,458,100,300,2,2125,0,0,6,48,40,150.58,175.95,229.56,,			
1,459,100,200,1.585,1235,0,0,4,4,2,27.238,20.228,32.21,,			
1,460,100,300,2,1375,0,0,2,2,7,10.395,10.921,14.025,,			
1,461,100,200,1.585,1500,0,0,3,6,4,26.402,24.27,35.346,,			
1,462,100,300,2,1516,0,0,2,2,7,9.8117,13.265,16.36,,			
1,463,90,300,2.1155,1297,0,0,2,4,2,53.637,37.265,63.716,,			
1,464,100,200,1.585,2890,0,1,2,10,8,57.583,42.563,59.755,,			
1,465,100,200,1.585,1500,0,0,1,6,4,3.7094,4.3662,5.6656,,			
1,466,100,200,1.585,1234,0,0,1,1,2,24.306,22.564,32.523,,			
1,467,90,200,1.6881,1578,0,0,2,4,4,6.499,5.5715,7.7526,,			
1,468,100,300,2,1422,0,0,5,4,2,8.1792,5.0413,8.5737,,			
1,469,100,200,1.585,2843,0,0,2,4,9,36.788,31.966,36.283,,			
1,470,100,200,1.585,1234,0,0,3,6,5,10.941,7.7726,11.384,,			
1,471,90,300,2.1155,1438,0,1,2,3,5,9.6245,11.48,14.817,,			
1,472,90,200,1.6881,2032,0,0,3,4,5,35.371,28.519,36.481,,			
1,473,100,300,2,1547,0,0,2,3,4,18.669,18.105,25.53,,			
1,474,100,200,1.585,1656,0,0,2,2,0,3.7588,2.9364,3.9187,,			
1,475,100,200,1.585,2094,0,0,5,6,6,15.777,13.348,18.625,,			
1,476,70,350,2.585,3172,0,0,3,6,8,34.282,38.9,51.459,,			
1,477,80,350,2.4263,1219,0,0,1,4,3,50.64,36.376,61.129,,			
1,478,70,350,2.585,907,0,0,1,2,1,14.748,11.398,18.101,,			
1,479,70,250,2.1926,1484,0,0,1,2,6,85.052,75.556,112.08,,			
1,480,80,250,2.0444,3968,0,3,4,10,11,98.509,82.551,127.56,,			
1,481,70,350,2.585,2156,0,2,2,7,3,25.795,18.422,25.294,,			
1,482,80,350,2.4263,1235,0,0,2,2,3,28.106,25.833,37.595,,			
1,483,70,250,2.1926,1515,0,0,1,4,4,28.38,20.451,34.297,,			
1,484,70,250,2.1926,1266,0,0,1,2,2,10.409,12.4,15.965,,			
1,485,70,350,2.585,1078,0,0,1,2,4,5.1912,6.1324,7.9291,,			
1,486,70,250,2.1926,1141,0,0,1,2,1,8.3424,8.0133,11.365,,			
1,487,80,350,2.4263,1219,0,0,1,4,2,9.987,6.7229,10.103,,			
1,488,70,250,2.1926,2156,0,0,1,5,8,33.512,48.609,58.66,,			
1,489,70,250,2.1926,1594,0,0,0,3,4,16.08,17.799,23.762,,			
1,490,70,350,2.585,2375,0,2,3,5,3,19.147,17.239,22.554,,			
1,491,70,250,2.1926,2594,0,2,2,9,10,51.649,45.032,53.053,,			
1,492,70,350,2.585,2953,0,0,4,7,11,23.461,28.127,34.858,,			
1,493,60,350,2.7726,1500,0,0,3,5,4,20.298,13.209,19.856,,			
1,494,60,350,2.7726,1531,0,0,1,1,4,26.284,33.717,42.3,,			
1,495,50,350,3,1672,0,1,3,6,5,8.8003,5.4463,8.6248,,			
1,496,50,250,2.585,2266,0,0,2,4,5,37.902,63.734,73.793,,			
1,497,60,350,2.7726,1781,0,1,4,5,5,7.1266,5.4998,8.3529,,			
1,498,60,350,2.7726,1921,0,1,3,6,2,19.978,14.425,22.27,,			
1,499,60,350,2.7726,1563,0,0,2,5,2,30.235,35.172,45.951,,			
1,500,60,250,2.3692,1468,0,0,2,2,7,12.185,10.199,12.488,,			
1,501,50,350,3,1500,0,0,1,7,2,5.2704,5.9457,7.8616,,			
1,502,60,350,2.7726,1422,0,0,3,5,5,10.826,9.3667,13.4,,			
1,503,50,350,3,1500,0,0,3,2,2,14.507,10.836,14.557,,			
1,504,60,250,2.3692,1875,0,0,2,7,6,7.0168,6.6381,8.5736,,			
1,505,60,250,2.3692,1859,0,0,1,1,1,16.521,22.062,27.363,,			
1,506,50,350,3,1484,0,0,2,1,4,23.258,25.652,34.252,,			
1,507,50,250,2.585,1891,0,1,4,6,5,26.728,22.276,28.257,,			
1,508,60,350,2.7726,1766,0,1,3,6,4,8.1069,6.3914,7.9792,,			
1,509,100,200,1.585,1485,0,0,2,10,12,128.39,122.1,175.53,,			
1,510,100,200,1.585,1469,0,1,4,8,8,7.6739,7.2517,9.2397,,			
1,511,90,200,1.6881,3922,1,1,5,10,12,25.321,30.119,35.839,,			
1,512,100,200,1.585,1485,0,0,3,4,5,2.8635,2.5035,3.2991,,			
1,513,90,300,2.1155,1812,0,0,2,6,10,17.808,22.338,28.365,,			
1,514,90,300,2.1155,1656,0,1,3,6,4,13.77,12.33,15.781,,			
1,515,100,300,2,1094,0,0,4,5,4,8.203,5.9235,9.3047,,			
1,516,100,200,1.585,1203,0,0,2,3,2,6.3968,4.3748,6.2962,,			
1,517,100,200,1.585,1282,0,0,1,8,2,1.1181,1.1716,1.5979,,			
1,518,100,300,2,1172,0,0,2,7,6,8.4944,11.092,13.821,,			
1,519,90,300,2.1155,1125,0,0,2,4,2,15.615,13.91,20.374,,			
1,520,100,300,2,1187,0,0,2,2,2,5.2726,5.3601,6.6637,,			
1,521,90,300,2.1155,1359,0,0,1,4,2,7.6419,4.8845,8.1057,,			
1,522,100,200,1.585,1329,0,0,2,2,2,22.043,17.12,24.507,,			
1,523,100,200,1.585,1687,0,0,1,3,2,5.8169,11.064,12.432,,			
1,524,90,200,1.6881,2000,0,0,2,4,4,8.5139,9.7057,12.732,,			
1,525,90,300,2.1155,1359,0,0,3,6,5,11.102,11.845,16.06,,			
1,526,100,200,1.585,1156,0,0,4,5,3,19.134,13.766,23.06,,			
1,527,80,350,2.4263,2922,0,1,5,8,7,19.409,18.378,25.697,,			
1,528,70,250,2.1926,1703,0,0,3,3,4,13.37,9.585,15.087,,			
1,529,80,350,2.4263,1156,0,0,4,4,4,11.489,8.8351,12.686,,			
1,530,80,350,2.4263,1859,0,1,3,6,6,16.511,12.49,17.931,,			
1,531,70,250,2.1926,1109,0,0,3,4,6,12.441,8.68,13.202,,			
1,532,80,350,2.4263,1156,0,0,3,4,3,20.58,14.474,22.576,,			
1,533,80,250,2.0444,1109,0,0,2,5,4,8.4881,7.8129,10.979,,			
1,534,70,250,2.1926,1657,0,0,3,3,4,13.606,9.6829,14.153,,			
1,535,70,350,2.585,1188,0,0,2,4,3,4.9101,4.2682,6.4171,,			
1,536,80,250,2.0444,953,0,0,2,2,2,9.6626,9.2106,13.077,,			
1,537,80,350,2.4263,1563,0,0,2,4,3,4.227,3.2925,4.2181,,			
1,538,80,250,2.0444,1453,0,0,4,4,4,7.5993,6.7414,8.9982,,			
1,539,70,350,2.585,1718,0,1,3,9,8,9.7514,7.1565,11.546,,			
1,540,80,250,2.0444,1125,0,0,3,3,3,8.0051,7.0958,10.496,,			
1,541,80,250,2.0444,1125,0,0,2,4,0,4.1406,2.975,4.0385,,			
1,542,70,250,2.1926,1156,0,0,2,2,2,8.6079,5.8889,8.3428,,			
1,543,80,250,2.0444,328,1,0,2,2,1,0.35355,0.125,0.35355,,			
1,544,60,250,2.3692,1109,0,0,1,4,1,9.5674,9.1841,13.079,,			
1,545,50,250,2.585,1391,0,0,2,2,2,5.5002,6.4384,8.3,,			
1,546,60,250,2.3692,1922,0,1,3,3,3,20.065,18.641,25.967,,			
1,547,50,250,2.585,1657,0,0,2,5,5,25.718,32.398,40.964,,			
1,548,50,250,2.585,281,0,0,2,1,0,0.29403,0.13883,0.28835,,			
1,549,60,350,2.7726,1563,0,0,3,4,5,8.2029,5.8356,9.422,,			
1,550,60,350,2.7726,1125,0,0,3,4,3,3.3266,3.8744,4.7071,,			
1,551,60,350,2.7726,1141,0,0,3,2,3,8.0841,6.4527,8.5756,,			
1,552,60,250,2.3692,2484,0,1,3,8,8,66.877,48.206,78.149,,			
1,553,50,250,2.585,1156,0,0,4,3,5,8.8464,6.9341,8.8097,,			
1,554,50,350,3,1015,0,0,4,4,5,11.442,10.17,14.949,,			
1,555,50,250,2.585,1063,0,0,2,3,4,15.891,10.165,16.705,,			
1,556,60,250,2.3692,1578,0,0,3,2,2,36.643,38.429,51.527,,			
1,557,60,350,2.7726,1266,0,0,3,3,6,8.6647,6.4924,9.1235,,			
1,558,60,250,2.3692,1125,0,0,3,3,3,11.593,10.268,15.054,,			
1,559,60,250,2.3692,1141,0,0,2,6,7,6.0708,8.3664,10.255,,			
